configuracion,semilla,modelo,r2_train,r2_test,rmse_train,rmse_test,mae_test,hiperparametros
todas,42,LinearRegression,0.5951483005284007,0.7094186057820724,6.024049732832957,5.075138603969861,3.381962224736783,
todas,42,Gradient Descent,0.5769619184937196,0.7034356064470422,6.15786689558685,5.127120321503786,3.324160778310876,"lr=0.01, epochs=200"
todas,42,Ridge,0.5944527180402919,0.7101448158822897,6.029222522311569,5.068792838878956,3.368653581545251,10.0
todas,42,Lasso,0.5885251240755294,0.7084563827714774,6.073125093392671,5.083534494454781,3.379824364622397,0.1482
todas,42,ElasticNet,0.5853452430936645,0.7054070971143013,6.096546508799196,5.110049956389992,3.383312577340302,0.1475
todas,1,LinearRegression,0.5855796288231321,0.7364676064315597,5.993547929349938,5.151361704335675,3.6414592299188,
todas,1,Gradient Descent,0.5837599103195383,0.7291234698531246,6.006692340632035,5.222647695296629,3.653919790078912,"lr=0.01, epochs=500"
todas,1,Ridge,0.5848128645637862,0.7314571467077928,5.9990900248885355,5.200101747100823,3.644558921426451,10.0
todas,1,Lasso,0.5620292367093859,0.6784536355790471,6.161493505593492,5.690190988970824,3.9061854158003504,0.2669
todas,1,ElasticNet,0.561995791837107,0.6828487779916077,6.16172875694668,5.651168233820436,3.8963838564125157,0.2657
todas,2,LinearRegression,0.6604663432323621,0.471488585347282,5.482018783021525,7.07113151547703,4.262480838518198,
todas,2,Gradient Descent,0.6604663430663908,0.4714907911863403,5.482018784361389,7.071116759131258,4.262464575006459,"lr=0.1, epochs=500"
todas,2,Ridge,0.6594926083035995,0.47632529960765146,5.489873985824302,7.038701136314439,4.200074641556455,10.0
todas,2,Lasso,0.6600295247771903,0.4758332094917419,5.4855440259984585,7.042007446458099,4.210428575170106,0.0268
todas,2,ElasticNet,0.6593338435090844,0.47718569054731974,5.491153689528856,7.03291651064613,4.190754820984478,0.0329
todas,3,LinearRegression,0.6462377803077098,0.5200753201107193,5.501997905992032,7.1474365738142085,4.6519406872366575,
todas,3,Gradient Descent,0.6460160881120549,0.5190264757998453,5.503721604698438,7.15524244124095,4.657775393919811,"lr=0.05, epochs=200"
todas,3,Ridge,0.6454433504158579,0.518535178247537,5.508172251627654,7.158895922853248,4.639051768148889,10.0
todas,3,Lasso,0.644701121625774,0.518128818514692,5.513934640576246,7.1619163651988105,4.64011832655388,0.0609
todas,3,ElasticNet,0.6429771096984651,0.5162421997259073,5.52729604697316,7.175922812347752,4.627649774136933,0.0697
todas,4,LinearRegression,0.63414167580558,0.5446191292101441,5.835273601878889,5.886034505625671,4.330866086205581,
todas,4,Gradient Descent,0.6253961523968223,0.5492987084759988,5.9046052776301154,5.8557134107037285,4.198866322724422,"lr=0.01, epochs=200"
todas,4,Ridge,0.6334500558554741,0.5493748601793955,5.840786509270057,5.855218691255532,4.292786706271784,10.0
todas,4,Lasso,0.6337445448667698,0.5474452960093837,5.838439771689772,5.867741241120963,4.296695745439355,0.0322
todas,4,ElasticNet,0.6304749269524006,0.5538296666529008,5.864442186768323,5.826204939406244,4.240785690477011,0.0794
sin RAD,42,LinearRegression,0.5980526665930923,0.6988253366639126,6.00240287124706,5.1668186993194185,3.433969165684007,
sin RAD,42,Gradient Descent,0.5964539113218635,0.7046956270515882,6.014328376048853,5.116216865139023,3.3917675768654685,"lr=0.01, epochs=500"
sin RAD,42,Ridge,0.5972679136300902,0.7022049786102519,6.0082594924597945,5.13774709446653,3.4083554037704045,10.0
sin RAD,42,Lasso,0.5929984670999795,0.7049255288717773,6.040022935339045,5.114224926147713,3.3930890748826825,0.1277
sin RAD,42,ElasticNet,0.5914587602750871,0.7041795095937919,6.051437002512409,5.120685840760532,3.3988951824960383,0.1106
sin RAD,1,LinearRegression,0.5871232880314883,0.7347696299501135,5.98237494198756,5.167930534351384,3.6133669074046115,
sin RAD,1,Gradient Descent,0.5853677706952534,0.7277218386822709,5.995079730982272,5.236142368912339,3.6479960048425233,"lr=0.01, epochs=500"
sin RAD,1,Ridge,0.5863844505621223,0.7302247139599336,5.987725240294386,5.212020588784473,3.630819144713829,10.0
sin RAD,1,Lasso,0.5635834435526513,0.6793122312564268,6.150551284137856,5.682588914023952,3.9027341787833625,0.2679
sin RAD,1,ElasticNet,0.5698480163963474,0.6938537381981984,6.106247453456743,5.552256512745683,3.8332072114846834,0.2163
sin RAD,2,LinearRegression,0.6574602484926573,0.47201326189321546,5.506233102327635,7.0676207321731885,4.265023098751432,
sin RAD,2,Gradient Descent,0.6564718706290549,0.4670605744504758,5.514171332455067,7.10069165055388,4.260982435826062,"lr=0.01, epochs=500"
sin RAD,2,Ridge,0.656653937174468,0.47512485692783657,5.512709910383429,7.046764081179735,4.213105975226293,10.0
sin RAD,2,Lasso,0.6543136979085531,0.4800120734051969,5.531465260820662,7.0138804472053105,4.155935360350394,0.0818
sin RAD,2,ElasticNet,0.654297623089877,0.4779692259923789,5.5315938691382,7.027644461410178,4.168446863456132,0.066
sin RAD,3,LinearRegression,0.6444244427787323,0.5194686924150022,5.516081132283958,7.1519523487849055,4.681723758239065,
sin RAD,3,Gradient Descent,0.6435604192787414,0.5165905652892009,5.522778909825818,7.173338570188956,4.663473159027361,"lr=0.05, epochs=100"
sin RAD,3,Ridge,0.6437690389623761,0.5180004882516649,5.521162466132492,7.162869970085475,4.665423022250564,10.0
sin RAD,3,Lasso,0.6429895210635284,0.5187392203799925,5.527199972061536,7.1573788118226895,4.654949211124557,0.0653
sin RAD,3,ElasticNet,0.6419688904707676,0.5168511117135792,5.53509498305829,7.171405178446678,4.651138102588072,0.065
sin RAD,4,LinearRegression,0.6309432366753576,0.5413336468216596,5.860724920758491,5.907229628673878,4.334056839027912,
sin RAD,4,Gradient Descent,0.6299348576574968,0.5383560257347355,5.8687261298577695,5.926373213463021,4.320108311265567,"lr=0.01, epochs=500"
sin RAD,4,Ridge,0.6302847800187998,0.5462541300418042,5.865950829032425,5.875458386066771,4.295711942309225,10.0
sin RAD,4,Lasso,0.6300872018807349,0.546495097634169,5.867518020183176,5.873898059930422,4.285109507836397,0.0524
sin RAD,4,ElasticNet,0.6271165205117579,0.5520239566015729,5.8910312255538155,5.837982743892477,4.236375686614823,0.085
sin TAX,42,LinearRegression,0.5800514452350248,0.701133953846399,6.13533965951153,5.146977798900361,3.5336035685434535,
sin TAX,42,Gradient Descent,0.5651606788806737,0.7044138981928969,6.243167253906711,5.11865679230101,3.4271147181938773,"lr=0.01, epochs=200"
sin TAX,42,Ridge,0.5795091038085547,0.7025647392184163,6.139300115157834,5.134642748413098,3.508169272696066,10.0
sin TAX,42,Lasso,0.5657360710939443,0.6998165401784257,6.239035315066617,5.158309368701039,3.4598548077040374,0.2254
sin TAX,42,ElasticNet,0.5660568634227551,0.6974532097421824,6.236730490410068,5.178575124097766,3.4719146209652325,0.2092
sin TAX,1,LinearRegression,0.5772604064996693,0.7109804714886676,6.053407321630551,5.394716612444916,3.72392376494719,
sin TAX,1,Gradient Descent,0.5761247334443746,0.7080742837318903,6.061532986624842,5.421771608236803,3.7334203689138077,"lr=0.01, epochs=500"
sin TAX,1,Ridge,0.5767273053410867,0.7078683342198524,6.057222982335163,5.423683763086341,3.7326792494609995,10.0
sin TAX,1,Lasso,0.5611845543058566,0.6712971010120541,6.167432256086449,5.753164724915054,3.9355111120233213,0.2677
sin TAX,1,ElasticNet,0.5602345673420126,0.6718272124267235,6.174104551601219,5.748523681389138,3.9186550951568884,0.2485
sin TAX,2,LinearRegression,0.6416829953912258,0.4702791417305128,5.631613136027312,7.07921766797941,4.340939013640196,
sin TAX,2,Gradient Descent,0.6411439278128934,0.4621744907082517,5.635847764958803,7.133167588080514,4.368687705135927,"lr=0.01, epochs=500"
sin TAX,2,Ridge,0.6411921804843147,0.47067602343286497,5.635468847234311,7.076565196991391,4.318588597019471,10.0
sin TAX,2,Lasso,0.6366092372380361,0.4637617394978234,5.671344718376284,7.1226339881274425,4.309854723796358,0.116
sin TAX,2,ElasticNet,0.6391712601322599,0.47138994580538585,5.651316944297358,7.071791350451873,4.287421813919627,0.0709
sin TAX,3,LinearRegression,0.631664941119725,0.500874512677653,5.614178601863867,7.289011607006164,4.7692848741097,
sin TAX,3,Gradient Descent,0.6311366055192462,0.5025193658001244,5.618203615846721,7.276991335797182,4.73720940694444,"lr=0.01, epochs=500"
sin TAX,3,Ridge,0.6311390333796438,0.5015295344243365,5.618185126296505,7.284227210404444,4.743940966700143,10.0
sin TAX,3,Lasso,0.6210029435136507,0.49863438311744124,5.694854257960767,7.30535023421162,4.692461128433308,0.1859
sin TAX,3,ElasticNet,0.6252668602882804,0.5013881296452105,5.662728587714642,7.285260322266249,4.692792980337439,0.1218
sin TAX,4,LinearRegression,0.621116673364569,0.5281380805616541,5.938236641325075,5.991600896868529,4.318384475521543,
sin TAX,4,Gradient Descent,0.6109341479636241,0.535887345888483,6.017502936924706,5.94219797435883,4.186387362111422,"lr=0.01, epochs=200"
sin TAX,4,Ridge,0.6205957520817005,0.5333753926438365,5.942317437588807,5.95825698592082,4.282080827568741,10.0
sin TAX,4,Lasso,0.6120210335547225,0.5334659249801041,6.009091878323371,5.957678961227366,4.243300678328997,0.1723
sin TAX,4,ElasticNet,0.6136070659131072,0.5440993433357695,5.996796915093061,5.88939279891433,4.208186443659469,0.1391
sin ambas,42,LinearRegression,0.5821260838019625,0.6947247306872786,6.1201659297478415,5.201873867447125,3.627740688814933,
sin ambas,42,Gradient Descent,0.5811561051453611,0.6975396190681273,6.127264948308391,5.177835553962835,3.5646948377629935,"lr=0.01, epochs=500"
sin ambas,42,Ridge,0.5816699060983774,0.6965432500520157,6.123505599439526,5.1863569893058274,3.5778599648411826,10.0
sin ambas,42,Lasso,0.5773589517650601,0.699863021418368,6.154976550649615,5.157909989771602,3.496307733593795,0.1373
sin ambas,42,ElasticNet,0.5755895293508091,0.697643042471791,6.167847258011602,5.17695022286452,3.4945218022992264,0.1367
sin ambas,1,LinearRegression,0.5783224702387384,0.7094933816049952,6.045798444191054,5.408577502000881,3.7431102381160146,
sin ambas,1,Gradient Descent,0.5776322714819784,0.7076102726837212,6.050744280959758,5.426078805051012,3.74020067828206,"lr=0.01, epochs=500"
sin ambas,1,Ridge,0.5778436862356577,0.7071416577630945,6.0492297515079,5.4304252701447115,3.7394274336535265,10.0
sin ambas,1,Lasso,0.5619549935039866,0.6715383507024457,6.162015720409654,5.751053085535148,3.9265648126377175,0.2686
sin ambas,1,ElasticNet,0.564537990411297,0.6781661048267196,6.143821242450823,5.692734540203325,3.8790748515394395,0.2168
sin ambas,2,LinearRegression,0.6414566592214779,0.46525775206651643,5.633391500587155,7.112691586655141,4.398021566119079,
sin ambas,2,Gradient Descent,0.6411978982995301,0.45878730635298604,5.6354239447877355,7.15559440771713,4.405562749358229,"lr=0.01, epochs=500"
sin ambas,2,Ridge,0.641030033703388,0.46674645986398355,5.63674204958906,7.102783916726595,4.366887157061823,10.0
sin ambas,2,Lasso,0.640744366950289,0.4684750695728447,5.638984451077256,7.0912622796405715,4.353198467494084,0.0468
sin ambas,2,ElasticNet,0.639987686789258,0.4686962590840873,5.644919867039619,7.089786642316094,4.334942426966765,0.0574
sin ambas,3,LinearRegression,0.6260182726872909,0.5071582417378109,5.65704830592224,7.242983858262446,4.7350610337467085,
sin ambas,3,Gradient Descent,0.6257522811118024,0.5134380825354409,5.659059713994321,7.196690491003367,4.694401182545134,"lr=0.01, epochs=500"
sin ambas,3,Ridge,0.625608180543411,0.5070816680283261,5.6601490930308245,7.243546514115954,4.715578595758411,10.0
sin ambas,3,Lasso,0.6192841644810438,0.5014196182082014,5.707752938140302,7.2850302776021065,4.681800136716158,0.1617
sin ambas,3,ElasticNet,0.6202538693173761,0.5045835230262258,5.7004793183001645,7.261878719508879,4.680601071501146,0.1306
sin ambas,4,LinearRegression,0.6181296988622936,0.5250565189002353,5.961598107290113,6.011133561273196,4.308749595330154,
sin ambas,4,Gradient Descent,0.6108540049067652,0.5303574056031397,6.018122672947552,5.9774940345994265,4.177512748077859,"lr=0.01, epochs=200"
sin ambas,4,Ridge,0.617719930196648,0.5304516383683118,5.964795817493295,5.976894318926007,4.275674920401445,10.0
sin ambas,4,Lasso,0.6176036389414499,0.5292412225555971,5.965703006884424,5.984593069086531,4.271395173659851,0.0457
sin ambas,4,ElasticNet,0.6151288950674532,0.5374999022383805,5.984975912145361,5.931865928094832,4.223240889404238,0.0914
